{"train_loss": [2.1691151599603016, 1.5865010346151338, 1.2658564161741197, 1.0650801534134753, 0.9062695082567097, 0.7713782529463817, 0.6738859012552928, 0.5706597219161968, 0.4976039573014273, 0.43163480475237137, 0.37948011035573426, 0.3290578276672305, 0.28942943868154253, 0.2596941089571581, 0.22714332852011623, 0.20098586058265364, 0.17417933164124336, 0.15728252879047297, 0.14079376752969244, 0.1260125962025889, 0.10928362721603385, 0.09847092027525052, 0.09049861264826331, 0.08247643121143271, 0.07515578737979367, 0.06801100872176137, 0.05970696715343968, 0.054231400088080604, 0.050874845978885856, 0.048986805166775275, 0.04130308281199257, 0.03926757826947002, 0.03580958486167265, 0.03336290993624024, 0.03292820345334333, 0.02804063726983352, 0.028345384815430412, 0.026897826547479242, 0.022790917992445495, 0.02066690575266339], "train_acc": [0.5010833453705041, 0.640762675140835, 0.726563628484761, 0.7814531272569696, 0.8158312870143002, 0.8483316481294236, 0.8795319947999423, 0.9076989744330493, 0.9253213924599162, 0.943954932832587, 0.9530550339448216, 0.9621551350570562, 0.9706774519716886, 0.97631084789831, 0.979199768886321, 0.9825220280225336, 0.9867109634551495, 0.9901776686407627, 0.9927776975299726, 0.9916221291347682, 0.9947999422215803, 0.9953777264191824, 0.9958110645673841, 0.9959555106167847, 0.9959555106167847, 0.9965332948143868, 0.9963888487649863, 0.9969666329625885, 0.9973999711107902, 0.9965332948143868, 0.9982666474071934, 0.9972555250613896, 0.9982666474071934, 0.9979777553083923, 0.9972555250613896, 0.9978333092589918, 0.9979777553083923, 0.9981222013577928, 0.998411093456594, 0.9981222013577928], "val_loss": [2.422477277061375, 2.054081260132848, 1.7962972047776107, 1.6026543909950788, 1.5056729571532266, 1.379197072436046, 1.3055032631298442, 1.2293907910658628, 1.1889183869818798, 1.1316352763398567, 1.086220172464994, 1.038598917626046, 1.0219520619421294, 1.0019711215997895, 0.971295711302933, 0.9482243809906993, 0.9424225997475695, 0.9104279886494886, 0.904143871487798, 0.8825592136500215, 0.8747485720359527, 0.8567534076884377, 0.8451507499137928, 0.8334671769544397, 0.844236121570156, 0.8202252429982466, 0.810178706286678, 0.8113515469795558, 0.8073571917465923, 0.803548378938539, 0.794949327942585, 0.8002812678358967, 0.8017062778652544, 0.7967460158416035, 0.7804038202928579, 0.779427015176081, 0.7650338542646897, 0.777664057648055, 0.7871305315246551, 0.7539403734394607], "val_acc": [0.41850941850941853, 0.4815724815724816, 0.5561015561015561, 0.5954135954135954, 0.6191646191646192, 0.6420966420966422, 0.6617526617526618, 0.6822276822276823, 0.6830466830466831, 0.7002457002457003, 0.7092547092547093, 0.7305487305487306, 0.7346437346437347, 0.7411957411957413, 0.7493857493857494, 0.7510237510237511, 0.7542997542997544, 0.7608517608517609, 0.7542997542997544, 0.7616707616707618, 0.7698607698607699, 0.773955773955774, 0.778050778050778, 0.7813267813267813, 0.7846027846027847, 0.7952497952497953, 0.7903357903357904, 0.7870597870597871, 0.7870597870597871, 0.8001638001638002, 0.7993447993447994, 0.7936117936117937, 0.7993447993447994, 0.7985257985257985, 0.8026208026208027, 0.8018018018018018, 0.8050778050778051, 0.8050778050778051, 0.8050778050778051, 0.8058968058968059]}