{"train_loss": [2.5607440947590923, 2.131571584055745, 1.8672115078520675, 1.7105888186309717, 1.5652815880121806, 1.4416649558890955, 1.3579363764046968, 1.259888213785952, 1.1833825005490397, 1.1013806549503713, 1.068406299654156, 0.9954097981176055, 0.9476159211099104, 0.9037127070355997, 0.8529672139420703, 0.7995360703132891, 0.7699611503988716, 0.7288124986885084, 0.7148829848069289, 0.6865156930546428, 0.6598446895565477, 0.6237105492367387, 0.6001231577965749, 0.5717003734732026, 0.5518475888493639, 0.5208695182329517, 0.49225618646020197, 0.4924000363092572, 0.46384638752376656, 0.4486769922685713, 0.4301777948202571, 0.415209323766172, 0.39239937437569905, 0.38865071041992455, 0.3725994163732661, 0.35977643999460374, 0.34064077794396874, 0.32517929906495024, 0.3285620521361749, 0.3083529699592168], "train_acc": [0.44792719919110213, 0.49386104290047667, 0.5551061678463094, 0.5825509172324137, 0.6159179546439405, 0.6420626895854399, 0.6517405748952766, 0.679474216380182, 0.6914632384804276, 0.7154412826809187, 0.7184746497183302, 0.7369637440416005, 0.7480860898454428, 0.7573306370070779, 0.7668640762675141, 0.7834753719485772, 0.7927199191102123, 0.8016755741730464, 0.8042756030622562, 0.8058645096056622, 0.8159757330637007, 0.8281092012133469, 0.836053733930377, 0.8372093023255814, 0.8481872020800231, 0.8509316770186336, 0.863931821464683, 0.8650873898598873, 0.8702874476383071, 0.8762097356637296, 0.8796764408493428, 0.8850209446771631, 0.8893543261591795, 0.8890654340603784, 0.895276614184602, 0.8958543983822043, 0.9032211469016322, 0.9105878954210602, 0.9058211757908421, 0.9117434638162646], "val_loss": [2.5470791946757925, 2.2043350096319076, 2.050810521396821, 1.8664030970168055, 1.71298945037973, 1.585839067102943, 1.5079826748244203, 1.4096742428100861, 1.3414876787121621, 1.2677773303618498, 1.225295743036231, 1.1596934885201544, 1.1349362807621437, 1.0598831780126698, 1.0193574376813122, 0.9892074627333445, 0.9556916739294317, 0.9273405774121983, 0.9032443519696948, 0.8740348083674175, 0.8510564720406091, 0.8351500855421649, 0.7946930292880896, 0.800256140450783, 0.7737371145360886, 0.739035061375222, 0.7435174536548805, 0.7184095566971784, 0.7021355643123999, 0.6917359215816838, 0.6841636577973494, 0.6718926490036607, 0.6574585656837593, 0.6601166029771169, 0.6496052135218371, 0.6392126695285754, 0.6203833487095353, 0.6270182028376207, 0.6040275567604029, 0.5981888474132271], "val_acc": [0.3923013923013923, 0.4594594594594595, 0.48484848484848486, 0.5241605241605242, 0.5536445536445537, 0.5847665847665848, 0.6060606060606061, 0.6142506142506143, 0.6478296478296479, 0.6535626535626536, 0.6650286650286651, 0.687960687960688, 0.6945126945126946, 0.7108927108927109, 0.7133497133497134, 0.7272727272727273, 0.7190827190827191, 0.7461097461097461, 0.7436527436527437, 0.7526617526617527, 0.7526617526617527, 0.755937755937756, 0.7682227682227682, 0.7764127764127765, 0.773955773955774, 0.7886977886977887, 0.782964782964783, 0.7936117936117937, 0.7944307944307945, 0.7993447993447994, 0.7927927927927928, 0.8001638001638002, 0.8083538083538084, 0.8108108108108109, 0.8132678132678133, 0.8132678132678133, 0.819000819000819, 0.8157248157248158, 0.8255528255528256, 0.823914823914824]}